{
    "loss": 1.6272019147872925,
    "accuracy": 0.8201438784599304
}