{
    "loss": 21.163328170776367,
    "accuracy": 0.48201438784599304
}