{
    "loss": 4.369962692260742,
    "accuracy": 0.5035971403121948
}